{
  "model": "BiLSTM",
  "bce_train_loss": [
    0.6555321310250066,
    0.5772314103375773,
    0.5060118021042309,
    0.44646182053432587,
    0.4025249637146453,
    0.37948929054486646,
    0.32114420701871843,
    0.2935175670450462,
    0.24831278332763146,
    0.23421665781153447,
    0.20223363888117554,
    0.19999224069694618,
    0.17930170691886896,
    0.16245092891362192,
    0.17249472206730918
  ],
  "bce_train_acc": [
    0.6179994427417108,
    0.7052103650041794,
    0.75424909445528,
    0.7793257174700474,
    0.8088604067985511,
    0.8303148509334076,
    0.8609640568403455,
    0.8785176929506826,
    0.8913346336026748,
    0.9049874616884926,
    0.9178044023404848,
    0.9217052103650042,
    0.9295068264140429,
    0.9336862635831708,
    0.9317358595709111
  ],
  "bce_test_acc": [
    0.7014028056112225,
    0.7264529058116233,
    0.7164328657314629,
    0.7745490981963928,
    0.7645290581162325,
    0.7354709418837675,
    0.7575150300601202,
    0.7585170340681363,
    0.7635270541082164,
    0.7605210420841684,
    0.7595190380761523,
    0.7545090180360722,
    0.7595190380761523,
    0.7705410821643287,
    0.7585170340681363
  ],
  "focal_test_acc": [
    0.7054108216432866,
    0.7104208416833667,
    0.7364729458917836,
    0.7404809619238477,
    0.750501002004008,
    0.750501002004008,
    0.7474949899799599,
    0.750501002004008,
    0.7605210420841684,
    0.748496993987976,
    0.7545090180360722,
    0.7625250501002004,
    0.7715430861723447,
    0.7675350701402806,
    0.7695390781563126
  ],
  "final_test_acc": 0.7745490981963928,
  "final_preds": [
    0,
    1,
    0,
    0,
    1,
    1,
    0,
    1,
    0,
    0,
    0,
    0,
    0,
    1,
    1,
    1,
    0,
    1,
    0,
    0,
    1,
    0,
    0,
    0,
    0,
    1,
    0,
    0,
    1,
    1,
    0,
    1,
    0,
    0,
    0,
    1,
    0,
    1,
    1,
    0,
    0,
    0,
    0,
    0,
    0,
    0,
    0,
    1,
    0,
    0,
    0,
    1,
    1,
    0,
    0,
    1,
    0,
    0,
    1,
    0,
    0,
    0,
    0,
    0,
    0,
    0,
    0,
    1,
    0,
    1,
    0,
    0,
    0,
    0,
    0,
    0,
    0,
    1,
    0,
    0,
    1,
    0,
    0,
    1,
    1,
    0,
    0,
    0,
    0,
    0,
    1,
    0,
    1,
    0,
    0,
    1,
    1,
    1,
    0,
    1,
    1,
    1,
    0,
    1,
    0,
    1,
    1,
    0,
    0,
    0,
    1,
    1,
    0,
    1,
    0,
    0,
    0,
    0,
    0,
    0,
    0,
    1,
    0,
    0,
    0,
    0,
    1,
    1,
    0,
    0,
    1,
    0,
    0,
    0,
    1,
    1,
    0,
    0,
    0,
    0,
    0,
    0,
    1,
    0,
    0,
    0,
    0,
    0,
    1,
    0,
    1,
    0,
    0,
    1,
    0,
    1,
    1,
    0,
    0,
    0,
    1,
    1,
    0,
    0,
    1,
    1,
    1,
    0,
    0,
    0,
    1,
    1,
    0,
    0,
    0,
    0,
    1,
    0,
    1,
    0,
    0,
    1,
    0,
    1,
    0,
    0,
    1,
    1,
    0,
    0,
    1,
    0,
    1,
    1,
    0,
    1,
    0,
    1,
    0,
    1,
    0,
    0,
    1,
    0,
    0,
    0,
    0,
    0,
    0,
    0,
    1,
    0,
    0,
    1,
    1,
    1,
    1,
    0,
    1,
    1,
    0,
    0,
    1,
    1,
    1,
    0,
    0,
    0,
    1,
    0,
    0,
    1,
    0,
    0,
    0,
    0,
    0,
    0,
    0,
    0,
    0,
    0,
    0,
    1,
    0,
    0,
    0,
    0,
    0,
    1,
    0,
    0,
    0,
    0,
    0,
    0,
    0,
    0,
    0,
    0,
    0,
    0,
    1,
    0,
    0,
    1,
    0,
    1,
    0,
    0,
    0,
    0,
    0,
    0,
    0,
    0,
    0,
    0,
    0,
    0,
    1,
    0,
    0,
    1,
    1,
    0,
    1,
    0,
    0,
    0,
    0,
    0,
    1,
    0,
    0,
    1,
    0,
    1,
    1,
    0,
    0,
    0,
    0,
    0,
    1,
    0,
    0,
    0,
    0,
    1,
    0,
    0,
    1,
    0,
    1,
    1,
    0,
    0,
    0,
    0,
    0,
    0,
    0,
    0,
    1,
    1,
    0,
    0,
    0,
    1,
    1,
    1,
    0,
    0,
    1,
    0,
    0,
    1,
    0,
    1,
    1,
    0,
    1,
    0,
    1,
    1,
    0,
    0,
    1,
    0,
    0,
    0,
    0,
    1,
    0,
    1,
    1,
    1,
    1,
    0,
    0,
    1,
    1,
    1,
    0,
    0,
    1,
    0,
    0,
    0,
    0,
    0,
    0,
    0,
    1,
    1,
    0,
    0,
    0,
    0,
    0,
    0,
    0,
    0,
    1,
    0,
    0,
    1,
    1,
    0,
    1,
    1,
    0,
    0,
    0,
    0,
    0,
    0,
    0,
    1,
    1,
    0,
    0,
    0,
    0,
    1,
    0,
    0,
    0,
    1,
    1,
    0,
    0,
    1,
    0,
    1,
    0,
    1,
    0,
    0,
    0,
    0,
    1,
    0,
    0,
    0,
    1,
    0,
    1,
    1,
    1,
    1,
    1,
    0,
    0,
    1,
    0,
    1,
    0,
    1,
    0,
    0,
    0,
    0,
    0,
    1,
    0,
    0,
    0,
    0,
    0,
    1,
    0,
    0,
    0,
    1,
    0,
    0,
    0,
    0,
    0,
    0,
    1,
    0,
    0,
    0,
    1,
    0,
    1,
    0,
    0,
    1,
    1,
    1,
    0,
    0,
    0,
    1,
    0,
    0,
    0,
    0,
    0,
    1,
    0,
    1,
    0,
    0,
    1,
    0,
    1,
    0,
    0,
    1,
    0,
    0,
    1,
    0,
    0,
    0,
    0,
    0,
    1,
    0,
    1,
    1,
    1,
    0,
    0,
    0,
    0,
    0,
    0,
    0,
    1,
    1,
    1,
    1,
    0,
    0,
    1,
    0,
    0,
    0,
    0,
    0,
    0,
    0,
    0,
    0,
    0,
    0,
    0,
    0,
    1,
    1,
    0,
    0,
    0,
    0,
    1,
    0,
    0,
    0,
    0,
    0,
    1,
    0,
    0,
    1,
    1,
    0,
    0,
    1,
    0,
    0,
    0,
    0,
    0,
    0,
    1,
    1,
    0,
    0,
    1,
    1,
    1,
    1,
    0,
    0,
    1,
    1,
    1,
    1,
    0,
    0,
    0,
    0,
    0,
    0,
    0,
    0,
    0,
    0,
    1,
    1,
    0,
    1,
    1,
    1,
    0,
    0,
    1,
    0,
    0,
    1,
    0,
    0,
    1,
    0,
    0,
    1,
    1,
    0,
    1,
    0,
    0,
    1,
    0,
    1,
    1,
    1,
    1,
    1,
    0,
    1,
    0,
    1,
    1,
    0,
    0,
    0,
    0,
    0,
    0,
    0,
    1,
    0,
    1,
    0,
    1,
    0,
    0,
    0,
    0,
    0,
    1,
    0,
    0,
    0,
    1,
    1,
    0,
    0,
    1,
    0,
    0,
    0,
    0,
    1,
    1,
    0,
    0,
    0,
    0,
    1,
    0,
    0,
    1,
    0,
    1,
    1,
    0,
    0,
    0,
    1,
    0,
    1,
    1,
    0,
    0,
    1,
    0,
    0,
    0,
    0,
    0,
    0,
    0,
    0,
    1,
    1,
    0,
    0,
    0,
    1,
    1,
    0,
    0,
    1,
    0,
    1,
    0,
    0,
    0,
    0,
    0,
    1,
    0,
    0,
    1,
    1,
    0,
    1,
    0,
    1,
    0,
    0,
    1,
    0,
    1,
    0,
    1,
    0,
    0,
    1,
    0,
    1,
    1,
    0,
    0,
    0,
    0,
    1,
    1,
    1,
    0,
    0,
    0,
    1,
    0,
    1,
    0,
    0,
    0,
    0,
    1,
    0,
    1,
    0,
    0,
    1,
    0,
    1,
    1,
    0,
    0,
    1,
    1,
    0,
    1,
    0,
    1,
    0,
    0,
    0,
    0,
    0,
    1,
    1,
    1,
    0,
    0,
    1,
    0,
    0,
    1,
    1,
    0,
    1,
    0,
    1,
    0,
    0,
    0,
    0,
    0,
    0,
    0,
    0,
    0,
    0,
    0,
    0,
    0,
    1,
    0,
    1,
    0,
    0,
    0,
    0,
    0,
    0,
    1,
    0,
    0,
    1,
    0,
    0,
    1,
    0,
    1,
    0,
    0,
    0,
    0,
    0,
    0,
    0,
    0,
    1,
    1,
    0,
    1,
    0,
    0,
    0,
    0,
    0,
    1,
    0,
    0,
    0,
    1,
    0,
    1,
    0,
    1,
    1,
    0,
    1,
    1,
    0,
    0,
    0,
    0,
    0,
    0,
    0,
    0,
    1,
    0,
    0,
    1,
    0,
    0,
    0,
    1,
    1,
    0,
    0,
    0,
    0,
    0,
    1,
    1,
    0,
    0,
    0,
    0,
    0,
    0,
    0,
    0,
    0,
    0,
    0,
    0,
    1,
    0,
    1,
    0,
    0,
    0,
    0,
    0,
    0,
    0,
    0,
    1,
    0,
    0,
    1,
    1,
    1,
    0,
    0,
    0,
    0,
    0,
    1,
    0,
    0,
    1,
    0,
    0,
    0,
    0,
    0,
    1,
    0,
    0,
    0,
    1,
    0,
    0,
    1,
    0,
    0,
